date,issuer,cds_5y_bp
2025-05-26,BAC,58.0
2025-05-26,C,63.0
2025-05-26,JPM,52.0
2025-05-26,WFC,56.0
2025-05-27,BAC,57.9841860073262
2025-05-27,C,63.77920070348102
2025-05-27,JPM,52.198148521023114
2025-05-27,WFC,55.62258327320873
2025-05-28,BAC,57.417137907027
2025-05-28,C,62.813564597797516
2025-05-28,JPM,51.53227599956248
2025-05-28,WFC,55.18144690941203
2025-05-29,BAC,56.936270050124776
2025-05-29,C,62.62823695786928
2025-05-29,JPM,50.783391539535835
2025-05-29,WFC,54.66221372359484
2025-05-30,BAC,57.2366366632749
2025-05-30,C,62.73580957906935
2025-05-30,JPM,50.78524554323631
2025-05-30,WFC,55.10233469440451
2025-06-02,BAC,57.53745417327869
2025-06-02,C,62.772458553962075
2025-06-02,JPM,51.45379026485089
2025-06-02,WFC,55.45543920663839
2025-06-03,BAC,57.9129125695399
2025-06-03,C,62.687143174993665
2025-06-03,JPM,51.26631556468019
2025-06-03,WFC,55.79956858520647
2025-06-04,BAC,57.360442036329765
2025-06-04,C,61.50993008843631
2025-06-04,JPM,50.29442104483869
2025-06-04,WFC,55.07054712734204
2025-06-05,BAC,57.93816645126593
2025-06-05,C,61.58967215324444
2025-06-05,JPM,50.82389530623448
2025-06-05,WFC,55.16262579675428
2025-06-06,BAC,58.521372017236004
2025-06-06,C,61.72277775685017
2025-06-06,JPM,50.96238974223953
2025-06-06,WFC,55.28520227944118
2025-06-09,BAC,57.50537512437244
2025-06-09,C,60.95153963804474
2025-06-09,JPM,50.74627451440405
2025-06-09,WFC,54.68383663448513
2025-06-10,BAC,57.91043660803485
2025-06-10,C,61.083612414794956
2025-06-10,JPM,51.11933174692145
2025-06-10,WFC,55.422102672723405
2025-06-11,BAC,57.63369443407358
2025-06-11,C,61.37358950373808
2025-06-11,JPM,50.8244210094889
2025-06-11,WFC,55.26405443929647
2025-06-12,BAC,56.85694602244657
2025-06-12,C,60.73607771168051
2025-06-12,JPM,50.526789415755964
2025-06-12,WFC,55.00897198989221
2025-06-13,BAC,56.76155272152015
2025-06-13,C,60.297929138019036
2025-06-13,JPM,50.31421406924592
2025-06-13,WFC,53.94863904884155
2025-06-16,BAC,57.23067550792951
2025-06-16,C,59.64072900167443
2025-06-16,JPM,50.30179625222868
2025-06-16,WFC,53.66309875730094
2025-06-17,BAC,57.733621429429576
2025-06-17,C,60.04514505420181
2025-06-17,JPM,51.147441228502075
2025-06-17,WFC,53.963660646446556
2025-06-18,BAC,57.39107030204647
2025-06-18,C,60.28547848106077
2025-06-18,JPM,50.83388936567492
2025-06-18,WFC,54.30480110982241
2025-06-19,BAC,57.355544527763946
2025-06-19,C,60.43020994966007
2025-06-19,JPM,50.243396337010154
2025-06-19,WFC,55.04830578694274
2025-06-20,BAC,57.305652615057845
2025-06-20,C,60.21256065427172
2025-06-20,JPM,51.132251545755565
2025-06-20,WFC,55.04700884963694
2025-06-23,BAC,57.39112152853093
2025-06-23,C,60.53661612048633
2025-06-23,JPM,50.690722141856554
2025-06-23,WFC,55.145769049065365
2025-06-24,BAC,56.97106183586102
2025-06-24,C,59.26062139765356
2025-06-24,JPM,50.18776865482268
2025-06-24,WFC,54.05532434222389
2025-06-25,BAC,55.901531000558165
2025-06-25,C,59.71642754950576
2025-06-25,JPM,49.92776884686492
2025-06-25,WFC,53.54705049506935
2025-06-26,BAC,55.22801474334799
2025-06-26,C,59.70275048073626
2025-06-26,JPM,50.449368967802044
2025-06-26,WFC,53.74312141792687
2025-06-27,BAC,55.95321920125963
2025-06-27,C,60.38540744128024
2025-06-27,JPM,51.97005592329716
2025-06-27,WFC,54.46963494457931
2025-06-30,BAC,55.5152514748842
2025-06-30,C,59.88278123451517
2025-06-30,JPM,51.479767454927696
2025-06-30,WFC,54.31589473993113
2025-07-01,BAC,55.57767045346146
2025-07-01,C,60.03711959709733
2025-07-01,JPM,51.736951858934994
2025-07-01,WFC,54.10865389041982
2025-07-02,BAC,55.21926059096109
2025-07-02,C,60.057966026683104
2025-07-02,JPM,51.387916262618134
2025-07-02,WFC,54.01293798370458
2025-07-03,BAC,54.924217177855
2025-07-03,C,59.99421526075213
2025-07-03,JPM,51.10565453185326
2025-07-03,WFC,53.38831722084251
2025-07-04,BAC,55.97601709142348
2025-07-04,C,61.05057559006343
2025-07-04,JPM,52.65336275703713
2025-07-04,WFC,53.928507485665754
2025-07-07,BAC,55.929436934899016
2025-07-07,C,61.010891128595574
2025-07-07,JPM,52.297392018094754
2025-07-07,WFC,54.106177824504634
2025-07-08,BAC,56.376343193113655
2025-07-08,C,61.76037462705298
2025-07-08,JPM,52.606054876743784
2025-07-08,WFC,54.704846295338136
2025-07-09,BAC,56.47945124704
2025-07-09,C,62.088832148106256
2025-07-09,JPM,52.077466430667776
2025-07-09,WFC,54.483751156204164
2025-07-10,BAC,57.326928344667685
2025-07-10,C,62.580411052540605
2025-07-10,JPM,52.82706451704286
2025-07-10,WFC,54.66792633553041
2025-07-11,BAC,57.39630967355222
2025-07-11,C,62.21651040312907
2025-07-11,JPM,53.10783640395699
2025-07-11,WFC,54.68961889762232
2025-07-14,BAC,57.98577928545416
2025-07-14,C,62.02991631005904
2025-07-14,JPM,53.31494701686256
2025-07-14,WFC,54.37009352181013
2025-07-15,BAC,57.16017330166552
2025-07-15,C,60.88801659225214
2025-07-15,JPM,52.65156211843915
2025-07-15,WFC,53.27251115548758
2025-07-16,BAC,57.455820478577806
2025-07-16,C,61.317882362471785
2025-07-16,JPM,52.835336836881964
2025-07-16,WFC,53.80740709121016
2025-07-17,BAC,57.851334787552794
2025-07-17,C,61.94313608195238
2025-07-17,JPM,52.462237903791575
2025-07-17,WFC,53.95785126280387
2025-07-18,BAC,57.70779928303817
2025-07-18,C,61.40725699511205
2025-07-18,JPM,51.488341775949095
2025-07-18,WFC,54.03619015523572
2025-07-21,BAC,57.424515033433465
2025-07-21,C,61.68997586589365
2025-07-21,JPM,51.54251158194872
2025-07-21,WFC,55.11959604076688
2025-07-22,BAC,56.60854380700804
2025-07-22,C,62.594491846161205
2025-07-22,JPM,51.669534304678315
2025-07-22,WFC,55.693257263353935
2025-07-23,BAC,56.47440830303767
2025-07-23,C,62.45037903977393
2025-07-23,JPM,51.94516152615148
2025-07-23,WFC,56.05938646639336
2025-07-24,BAC,56.162244051396414
2025-07-24,C,62.878486006686956
2025-07-24,JPM,52.37340208674633
2025-07-24,WFC,56.350433562583085
2025-07-25,BAC,56.472429369659764
2025-07-25,C,63.12955164784366
2025-07-25,JPM,51.919142979858655
2025-07-25,WFC,56.45921891153732
2025-07-28,BAC,56.582175813180655
2025-07-28,C,63.617888678717314
2025-07-28,JPM,52.05112774471042
2025-07-28,WFC,57.44528298586193
2025-07-29,BAC,55.37494730544168
2025-07-29,C,63.42352337248035
2025-07-29,JPM,51.84003151218935
2025-07-29,WFC,56.66789710778075
2025-07-30,BAC,56.043624667294395
2025-07-30,C,64.46047025695344
2025-07-30,JPM,52.50745290550266
2025-07-30,WFC,57.30984281341621
2025-07-31,BAC,56.254413124243364
2025-07-31,C,64.64207814261869
2025-07-31,JPM,51.63625403509124
2025-07-31,WFC,56.744052898046355
2025-08-01,BAC,56.69138397598951
2025-08-01,C,64.71553699385008
2025-08-01,JPM,51.22674184548149
2025-08-01,WFC,57.19872342556747
2025-08-04,BAC,55.66913655517152
2025-08-04,C,64.32775038627064
2025-08-04,JPM,51.40941646274862
2025-08-04,WFC,57.30134230104214
2025-08-05,BAC,55.59574318029283
2025-08-05,C,64.20403291688513
2025-08-05,JPM,51.33767886514676
2025-08-05,WFC,56.90994041308748
2025-08-06,BAC,55.85339127889638
2025-08-06,C,64.88258205840022
2025-08-06,JPM,51.23718025469426
2025-08-06,WFC,57.32674937409457
2025-08-07,BAC,56.475014551281156
2025-08-07,C,65.3034988795394
2025-08-07,JPM,51.25326490884081
2025-08-07,WFC,58.04999193185279
2025-08-08,BAC,57.73047966963642
2025-08-08,C,66.29227620010685
2025-08-08,JPM,51.52174623166137
2025-08-08,WFC,57.78604626420866
2025-08-11,BAC,57.50978911964377
2025-08-11,C,65.06721411473347
2025-08-11,JPM,51.04713336298633
2025-08-11,WFC,57.40398437524568
2025-08-12,BAC,57.52196084312661
2025-08-12,C,64.77739270402635
2025-08-12,JPM,51.70324434649906
2025-08-12,WFC,58.27269217034691
2025-08-13,BAC,57.56686270308422
2025-08-13,C,64.36476220422901
2025-08-13,JPM,52.001380133653825
2025-08-13,WFC,57.720440747531626
2025-08-14,BAC,58.09259535873281
2025-08-14,C,65.41596047446926
2025-08-14,JPM,52.00376143056747
2025-08-14,WFC,57.7711792109092
2025-08-15,BAC,57.53385346758971
2025-08-15,C,64.96502672343557
2025-08-15,JPM,52.13652482052924
2025-08-15,WFC,57.165312398036114
2025-08-18,BAC,58.0660369626032
2025-08-18,C,64.81255982710842
2025-08-18,JPM,52.199726926326505
2025-08-18,WFC,58.11121029021331
2025-08-19,BAC,57.488317085330635
2025-08-19,C,63.7944026977591
2025-08-19,JPM,52.603241211938084
2025-08-19,WFC,56.83246666831653
2025-08-20,BAC,57.522678381750346
2025-08-20,C,64.74284638875962
2025-08-20,JPM,52.88637934913663
2025-08-20,WFC,56.436244714936564
2025-08-21,BAC,56.09848601670914
2025-08-21,C,63.936780554085075
2025-08-21,JPM,51.69874637294895
2025-08-21,WFC,55.09516177943976
2025-08-22,BAC,56.58165338403324
2025-08-22,C,64.35992301260455
2025-08-22,JPM,52.53252134391742
2025-08-22,WFC,55.932241674901405
2025-08-25,BAC,56.622215424885894
2025-08-25,C,64.76742407731554
2025-08-25,JPM,52.49510446552878
2025-08-25,WFC,56.03596617668403
2025-08-26,BAC,56.885321874608195
2025-08-26,C,64.48641134611248
2025-08-26,JPM,52.88444470654827
2025-08-26,WFC,56.69873369923181
2025-08-27,BAC,56.508669609092806
2025-08-27,C,63.43213670430765
2025-08-27,JPM,52.26716704697514
2025-08-27,WFC,56.29912928315921
2025-08-28,BAC,56.975322778032385
2025-08-28,C,63.23585929755742
2025-08-28,JPM,52.20141674047387
2025-08-28,WFC,56.3561510181479
2025-08-29,BAC,57.76604005136375
2025-08-29,C,63.769846185400475
2025-08-29,JPM,53.30043634227296
2025-08-29,WFC,56.67076479975927
2025-09-01,BAC,58.11768513630891
2025-09-01,C,63.985180581408926
2025-09-01,JPM,53.175690723643065
2025-09-01,WFC,55.83903362444455
2025-09-02,BAC,58.09626165851421
2025-09-02,C,64.20563094633872
2025-09-02,JPM,53.915233976697664
2025-09-02,WFC,56.0410600026571
2025-09-03,BAC,57.28499086555419
2025-09-03,C,63.77201482243499
2025-09-03,JPM,53.17756742793805
2025-09-03,WFC,55.88706487783735
2025-09-04,BAC,56.93954992808226
2025-09-04,C,64.44244443300862
2025-09-04,JPM,52.72507233526913
2025-09-04,WFC,56.05663711675878
2025-09-05,BAC,56.98999525865725
2025-09-05,C,63.86132560962932
2025-09-05,JPM,52.1628683020483
2025-09-05,WFC,55.49526397253446
2025-09-08,BAC,55.318173444110634
2025-09-08,C,63.06688082011211
2025-09-08,JPM,51.304270181271264
2025-09-08,WFC,54.163106030046784
2025-09-09,BAC,55.72580928108202
2025-09-09,C,63.331521271063686
2025-09-09,JPM,51.95661066603695
2025-09-09,WFC,54.49517239912887
2025-09-10,BAC,55.84658237320057
2025-09-10,C,62.54408021586711
2025-09-10,JPM,51.713676080366156
2025-09-10,WFC,54.48522190378131
2025-09-11,BAC,55.55939117141752
2025-09-11,C,62.676769161641815
2025-09-11,JPM,51.579898285272584
2025-09-11,WFC,54.13523250966657
2025-09-12,BAC,55.96951527215655
2025-09-12,C,63.43117398347681
2025-09-12,JPM,51.93976961302312
2025-09-12,WFC,54.226570004576
2025-09-15,BAC,55.709227778867564
2025-09-15,C,63.33304878425144
2025-09-15,JPM,51.48321909326392
2025-09-15,WFC,54.428417656957706
2025-09-16,BAC,55.73882540233992
2025-09-16,C,62.954899902781726
2025-09-16,JPM,51.817238085532516
2025-09-16,WFC,55.16951350832339
2025-09-17,BAC,56.30874378778873
2025-09-17,C,63.35725786326608
2025-09-17,JPM,51.968911186725954
2025-09-17,WFC,56.00911175619766
2025-09-18,BAC,56.652391420833034
2025-09-18,C,63.238064817906064
2025-09-18,JPM,51.81735966798574
2025-09-18,WFC,55.703524910903695
2025-09-19,BAC,56.915515082934775
2025-09-19,C,63.42078791820571
2025-09-19,JPM,52.273219676488715
2025-09-19,WFC,55.48842333418187
2025-09-22,BAC,57.43908562810668
2025-09-22,C,63.98854700355964
2025-09-22,JPM,52.95763753446576
2025-09-22,WFC,55.944512286841835
2025-09-23,BAC,57.599041101996924
2025-09-23,C,63.8426198105524
2025-09-23,JPM,53.588277918150105
2025-09-23,WFC,56.42496056514702
2025-09-24,BAC,58.19447113588022
2025-09-24,C,64.89422350441632
2025-09-24,JPM,54.09142868539149
2025-09-24,WFC,56.40706340235751
2025-09-25,BAC,57.567328439565564
2025-09-25,C,64.71955660996954
2025-09-25,JPM,54.262293520576755
2025-09-25,WFC,55.78813749897218
2025-09-26,BAC,57.69043534180746
2025-09-26,C,64.66561776596917
2025-09-26,JPM,53.69532975116747
2025-09-26,WFC,54.92259068313526
2025-09-29,BAC,57.43452812251796
2025-09-29,C,64.0336035515981
2025-09-29,JPM,52.262199318066415
2025-09-29,WFC,53.814343795118226
2025-09-30,BAC,57.48774837551121
2025-09-30,C,63.579253184816075
2025-09-30,JPM,52.36218057901971
2025-09-30,WFC,53.56219894649246
2025-10-01,BAC,57.761623171189605
2025-10-01,C,63.632935190603845
2025-10-01,JPM,53.098672139405366
2025-10-01,WFC,53.99480712862588
2025-10-02,BAC,57.311083179539125
2025-10-02,C,63.34250502972851
2025-10-02,JPM,52.341295692250526
2025-10-02,WFC,53.927907873840375
2025-10-03,BAC,56.145808828810736
2025-10-03,C,63.62423183678593
2025-10-03,JPM,52.55393868284159
2025-10-03,WFC,54.33128192276008
2025-10-06,BAC,56.64088067627208
2025-10-06,C,63.11160883874305
2025-10-06,JPM,52.59834649985395
2025-10-06,WFC,54.705459362549284
2025-10-07,BAC,57.93274295381488
2025-10-07,C,64.5673878401676
2025-10-07,JPM,54.15674053312929
2025-10-07,WFC,55.455012337117694
2025-10-08,BAC,57.16167324407026
2025-10-08,C,63.82625964537014
2025-10-08,JPM,53.02684565371236
2025-10-08,WFC,54.912149635610234
2025-10-09,BAC,58.03961460405889
2025-10-09,C,64.51521556787306
2025-10-09,JPM,53.053698902637514
2025-10-09,WFC,55.24544021180687
2025-10-10,BAC,57.471437596792654
2025-10-10,C,63.924491448714534
2025-10-10,JPM,52.92573438344784
2025-10-10,WFC,55.4259867281013
2025-10-13,BAC,57.62438430255046
2025-10-13,C,63.72951473947662
2025-10-13,JPM,53.15635438039294
2025-10-13,WFC,54.44316840763174
2025-10-14,BAC,58.21011181019576
2025-10-14,C,63.461476082999546
2025-10-14,JPM,53.91313202204078
2025-10-14,WFC,54.79003975580946
2025-10-15,BAC,58.25786397162627
2025-10-15,C,63.76982351354624
2025-10-15,JPM,54.14605971740859
2025-10-15,WFC,55.75715193495172
2025-10-16,BAC,58.93857647273752
2025-10-16,C,63.72728556099842
2025-10-16,JPM,54.686694399142425
2025-10-16,WFC,56.236112876816975
2025-10-17,BAC,59.67467350241709
2025-10-17,C,64.48705240521053
2025-10-17,JPM,55.700760082256764
2025-10-17,WFC,57.32080320612719
2025-10-20,BAC,60.561219179431234
2025-10-20,C,65.06977672040695
2025-10-20,JPM,55.723610868463496
2025-10-20,WFC,58.04755092706412
2025-10-21,BAC,60.094166231055404
2025-10-21,C,65.01263923999672
2025-10-21,JPM,55.734914137500326
2025-10-21,WFC,57.53797522006172
2025-10-22,BAC,60.00850152234
2025-10-22,C,64.99608944209203
2025-10-22,JPM,55.5609223758626
2025-10-22,WFC,57.28423287756775
2025-10-23,BAC,59.83645067010759
2025-10-23,C,64.40229983740909
2025-10-23,JPM,56.15905824679576
2025-10-23,WFC,57.55508499242499
2025-10-24,BAC,60.23146197123527
2025-10-24,C,64.37493595563356
2025-10-24,JPM,55.993259653752716
2025-10-24,WFC,58.11149962419113
2025-10-27,BAC,59.369670421802276
2025-10-27,C,63.36523880740484
2025-10-27,JPM,54.89063267506668
2025-10-27,WFC,56.827525770642566
2025-10-28,BAC,58.90077556063079
2025-10-28,C,63.22646349386526
2025-10-28,JPM,55.08353495663695
2025-10-28,WFC,56.76203106242562
2025-10-29,BAC,58.78594473123334
2025-10-29,C,63.3485701791471
2025-10-29,JPM,54.24464566386467
2025-10-29,WFC,56.74285686460482
2025-10-30,BAC,59.03659479519945
2025-10-30,C,63.53575742793908
2025-10-30,JPM,54.35024902769729
2025-10-30,WFC,56.89535066718468
2025-10-31,BAC,59.73938322718814
2025-10-31,C,63.75147411190669
2025-10-31,JPM,54.82023718341154
2025-10-31,WFC,57.52826359728433
2025-11-03,BAC,59.42219201518061
2025-11-03,C,62.85998779552559
2025-11-03,JPM,54.239828260381465
2025-11-03,WFC,56.612700602295845
2025-11-04,BAC,59.7465172053658
2025-11-04,C,62.56487750235392
2025-11-04,JPM,54.67470570778654
2025-11-04,WFC,56.72312955102625
2025-11-05,BAC,59.193547426620654
2025-11-05,C,62.8822988562683
2025-11-05,JPM,54.3540359441211
2025-11-05,WFC,56.6121807735149
2025-11-06,BAC,59.43319826011734
2025-11-06,C,63.03567821669271
2025-11-06,JPM,53.868075720829566
2025-11-06,WFC,56.798944605053094
2025-11-07,BAC,59.14358274918877
2025-11-07,C,63.21671122282412
2025-11-07,JPM,53.385825786782796
2025-11-07,WFC,56.97956228506062
2025-11-10,BAC,59.425560202207244
2025-11-10,C,63.91372491039632
2025-11-10,JPM,54.041682123596836
2025-11-10,WFC,56.471545930294845
2025-11-11,BAC,60.05369281884149
2025-11-11,C,64.71300822708214
2025-11-11,JPM,55.056182981596805
2025-11-11,WFC,57.02453823597032
2025-11-12,BAC,59.77615487373481
2025-11-12,C,64.82423698395756
2025-11-12,JPM,55.3672924150907
2025-11-12,WFC,57.036857206747456
2025-11-13,BAC,59.7321283775049
2025-11-13,C,63.89608052833707
2025-11-13,JPM,54.78527637984885
2025-11-13,WFC,57.31261480016392
2025-11-14,BAC,60.70404199475474
2025-11-14,C,63.7245861457426
2025-11-14,JPM,55.24282279438214
2025-11-14,WFC,57.43584183308855
2025-11-17,BAC,60.604925125321735
2025-11-17,C,63.52866883330145
2025-11-17,JPM,55.175323705697565
2025-11-17,WFC,57.24593448563377
2025-11-18,BAC,61.130909625220745
2025-11-18,C,64.00348831987242
2025-11-18,JPM,55.47937000415632
2025-11-18,WFC,58.470518860182416
2025-11-19,BAC,60.20954176233764
2025-11-19,C,64.23287730676762
2025-11-19,JPM,54.79538548269125
2025-11-19,WFC,58.72219930130654
2025-11-20,BAC,59.895524705819454
2025-11-20,C,64.99529162211189
2025-11-20,JPM,54.77522339893697
2025-11-20,WFC,58.9958328569772
2025-11-21,BAC,59.094343051013446
2025-11-21,C,64.96754081125425
2025-11-21,JPM,55.01983258324194
2025-11-21,WFC,58.47299455155673
2025-11-24,BAC,59.28086498328358
2025-11-24,C,64.90656438497112
2025-11-24,JPM,55.83428370424379
2025-11-24,WFC,58.424748541213894
2025-11-25,BAC,59.08453309926504
2025-11-25,C,64.88841998729502
2025-11-25,JPM,55.9617855070179
2025-11-25,WFC,57.830418517701965
2025-11-26,BAC,59.07512882111985
2025-11-26,C,64.40934909340571
2025-11-26,JPM,55.98284647830132
2025-11-26,WFC,56.38920965578524
2025-11-27,BAC,59.87845558293921
2025-11-27,C,64.82375789229647
2025-11-27,JPM,55.655910224172985
2025-11-27,WFC,56.65709063429227
2025-11-28,BAC,59.13164063090144
2025-11-28,C,65.05883940609804
2025-11-28,JPM,55.13428837388385
2025-11-28,WFC,55.633722919910475
2025-12-01,BAC,59.37673918654108
2025-12-01,C,64.62482004729958
2025-12-01,JPM,54.92033270952021
2025-12-01,WFC,55.12051460579825
2025-12-02,BAC,60.15732903394691
2025-12-02,C,64.9361892530445
2025-12-02,JPM,55.02540090340646
2025-12-02,WFC,56.21702403675606
2025-12-03,BAC,60.500212245794856
2025-12-03,C,64.55607461073328
2025-12-03,JPM,54.99715413337191
2025-12-03,WFC,56.670108623782816
2025-12-04,BAC,59.49418580587377
2025-12-04,C,64.22711845476077
2025-12-04,JPM,54.091860334424396
2025-12-04,WFC,55.66845786091064
2025-12-05,BAC,59.61491284675719
2025-12-05,C,64.42986071253429
2025-12-05,JPM,53.640410468270744
2025-12-05,WFC,55.39305000213186
2025-12-08,BAC,60.08439768251092
2025-12-08,C,63.997663126822275
2025-12-08,JPM,53.41587759031354
2025-12-08,WFC,55.34717024934373
2025-12-09,BAC,59.919849606958145
2025-12-09,C,63.726776411277115
2025-12-09,JPM,52.84282833347645
2025-12-09,WFC,55.71872761690163
2025-12-10,BAC,60.90865839699487
2025-12-10,C,64.28106836152162
2025-12-10,JPM,53.31968359575771
2025-12-10,WFC,56.887274972689525
2025-12-11,BAC,60.8773930685083
2025-12-11,C,63.61776898910012
2025-12-11,JPM,53.220426898570004
2025-12-11,WFC,56.77683087877452
2025-12-12,BAC,61.17849809228772
2025-12-12,C,64.02663845215316
2025-12-12,JPM,53.23333159694498
2025-12-12,WFC,57.16820611627689
2025-12-15,BAC,60.63297786656469
2025-12-15,C,63.58243324091943
2025-12-15,JPM,53.28922244256945
2025-12-15,WFC,56.03909596783999
2025-12-16,BAC,60.15278883535302
2025-12-16,C,62.830918549696634
2025-12-16,JPM,52.86312342642215
2025-12-16,WFC,55.92124763079368
2025-12-17,BAC,59.5706356163585
2025-12-17,C,62.60374472739046
2025-12-17,JPM,52.27273323836512
2025-12-17,WFC,55.99262428132641
2025-12-18,BAC,59.7010258559027
2025-12-18,C,62.78268738770606
2025-12-18,JPM,51.72722886170783
2025-12-18,WFC,55.54919464410228
2025-12-19,BAC,60.1421837299752
2025-12-19,C,62.985973878272276
2025-12-19,JPM,51.663027214338484
2025-12-19,WFC,55.69043550700037
2025-12-22,BAC,58.664406439683475
2025-12-22,C,61.82656792927844
2025-12-22,JPM,50.29467877161957
2025-12-22,WFC,54.069586525183375
2025-12-23,BAC,58.81458965307811
2025-12-23,C,62.03399921990516
2025-12-23,JPM,49.829848632229464
2025-12-23,WFC,54.148804652199686
2025-12-24,BAC,58.092505356038295
2025-12-24,C,61.494650891956965
2025-12-24,JPM,49.53241063900472
2025-12-24,WFC,53.497082274003155
2025-12-25,BAC,57.544528961772414
2025-12-25,C,61.037711877921474
2025-12-25,JPM,48.62490306919782
2025-12-25,WFC,52.845318363093135
2025-12-26,BAC,57.337564380902556
2025-12-26,C,61.26776196496693
2025-12-26,JPM,47.86962025062571
2025-12-26,WFC,52.57935123866865
2025-12-29,BAC,56.857986400656486
2025-12-29,C,60.89596003714817
2025-12-29,JPM,47.568252733501474
2025-12-29,WFC,52.20781323096513
2025-12-30,BAC,57.56032024296985
2025-12-30,C,60.37165332333135
2025-12-30,JPM,48.05160730274285
2025-12-30,WFC,52.743593165735135
2025-12-31,BAC,58.097553163288026
2025-12-31,C,60.42620599243479
2025-12-31,JPM,48.39505600981496
2025-12-31,WFC,52.6727171719557
2026-01-01,BAC,58.12059408390941
2026-01-01,C,60.0638063838098
2026-01-01,JPM,47.99293730647276
2026-01-01,WFC,52.561463209898896
2026-01-02,BAC,57.41566740921148
2026-01-02,C,60.56486139967048
2026-01-02,JPM,48.712565374422816
2026-01-02,WFC,53.40515779807733
2026-01-05,BAC,57.52429931899581
2026-01-05,C,61.15732958500629
2026-01-05,JPM,49.934008058329944
2026-01-05,WFC,54.8015950782132
2026-01-06,BAC,57.64007170914285
2026-01-06,C,61.780375940932004
2026-01-06,JPM,50.37821708927657
2026-01-06,WFC,55.774111649446894
2026-01-07,BAC,57.78964967483099
2026-01-07,C,62.57320872977301
2026-01-07,JPM,51.45443587788838
2026-01-07,WFC,56.26838144033728
2026-01-08,BAC,58.063791040012845
2026-01-08,C,63.21554609286379
2026-01-08,JPM,51.85658819526033
2026-01-08,WFC,56.36338475251
2026-01-09,BAC,58.60196064813465
2026-01-09,C,64.07414805036238
2026-01-09,JPM,53.04095169388495
2026-01-09,WFC,57.111215051024224
2026-01-12,BAC,58.243037937435105
2026-01-12,C,63.824173214465816
2026-01-12,JPM,52.569052736778886
2026-01-12,WFC,55.42060692730001
2026-01-13,BAC,57.80484355907132
2026-01-13,C,62.58407998202052
2026-01-13,JPM,51.21322865179971
2026-01-13,WFC,54.8181472572151
2026-01-14,BAC,57.06966958389597
2026-01-14,C,62.18063805412298
2026-01-14,JPM,50.82211824205665
2026-01-14,WFC,54.40526042061365
2026-01-15,BAC,56.748959717976454
2026-01-15,C,62.428135114189665
2026-01-15,JPM,51.55063857230578
2026-01-15,WFC,54.16489349512543
2026-01-16,BAC,56.58003913394097
2026-01-16,C,62.82229522356176
2026-01-16,JPM,51.383730468012025
2026-01-16,WFC,54.054064973937436
2026-01-19,BAC,57.27531667468373
2026-01-19,C,63.51918767512608
2026-01-19,JPM,51.337468230100086
2026-01-19,WFC,55.232492932323744
2026-01-20,BAC,57.027002891319405
2026-01-20,C,63.19450212345839
2026-01-20,JPM,51.43561065401169
2026-01-20,WFC,54.805725493856734
2026-01-21,BAC,56.807995023247926
2026-01-21,C,63.31056882180345
2026-01-21,JPM,51.563051932099896
2026-01-21,WFC,54.81204950383843
2026-01-22,BAC,57.4842536128813
2026-01-22,C,63.68110195808644
2026-01-22,JPM,51.45241733139736
2026-01-22,WFC,54.682332295425795
2026-01-23,BAC,58.21891454921991
2026-01-23,C,63.52784203225168
2026-01-23,JPM,51.34930813668958
2026-01-23,WFC,55.307537495290624
2026-01-26,BAC,57.563909024991815
2026-01-26,C,63.61287837613295
2026-01-26,JPM,51.29067110705804
2026-01-26,WFC,55.51752274173942
2026-01-27,BAC,58.093879411542915
2026-01-27,C,64.69451714387115
2026-01-27,JPM,51.692458380162044
2026-01-27,WFC,56.51078568079185
2026-01-28,BAC,58.167818020960645
2026-01-28,C,65.00518815055699
2026-01-28,JPM,51.89035818568806
2026-01-28,WFC,56.96122590353696
2026-01-29,BAC,57.99369917873132
2026-01-29,C,64.39235510903043
2026-01-29,JPM,51.23458739765192
2026-01-29,WFC,57.272348618017276
2026-01-30,BAC,57.917786151193
2026-01-30,C,64.39651181714035
2026-01-30,JPM,51.82568893794283
2026-01-30,WFC,57.72687399782818
2026-02-02,BAC,57.59374476634781
2026-02-02,C,63.948011591701665
2026-02-02,JPM,51.76550470215848
2026-02-02,WFC,58.33203055712242
2026-02-03,BAC,57.33944563650621
2026-02-03,C,63.99304699833407
2026-02-03,JPM,51.55897826322712
2026-02-03,WFC,58.45978269572505
2026-02-04,BAC,57.65763055184191
2026-02-04,C,63.82965678821601
2026-02-04,JPM,51.29129915258108
2026-02-04,WFC,58.464824943289265
2026-02-05,BAC,57.99459910442512
2026-02-05,C,63.319180792566534
2026-02-05,JPM,50.960453629612225
2026-02-05,WFC,58.29950033283387
2026-02-06,BAC,57.872834528188946
2026-02-06,C,62.776769546481944
2026-02-06,JPM,51.082784113224754
2026-02-06,WFC,58.434837646135804
2026-02-09,BAC,57.91400471509383
2026-02-09,C,63.15843462489863
2026-02-09,JPM,51.419166259610186
2026-02-09,WFC,58.21612705290869
2026-02-10,BAC,58.34227114426491
2026-02-10,C,64.57446749859817
2026-02-10,JPM,52.5327122453722
2026-02-10,WFC,58.65241553344428
2026-02-11,BAC,57.97974103339868
2026-02-11,C,63.80185276206901
2026-02-11,JPM,51.76950523989986
2026-02-11,WFC,58.27765896939354
2026-02-12,BAC,58.626306271899026
2026-02-12,C,65.1175712716368
2026-02-12,JPM,52.30982264033624
2026-02-12,WFC,59.06150599673482
2026-02-13,BAC,58.672482689804916
2026-02-13,C,65.12354484952101
2026-02-13,JPM,52.169765930388664
2026-02-13,WFC,59.17915326713786
2026-02-16,BAC,58.38464767235251
2026-02-16,C,64.90260421050297
2026-02-16,JPM,53.0362670398648
2026-02-16,WFC,58.5948810582506
2026-02-17,BAC,58.36261123790007
2026-02-17,C,64.76154641550195
2026-02-17,JPM,52.5810092810569
2026-02-17,WFC,58.36280433496312
2026-02-18,BAC,59.09001902788864
2026-02-18,C,65.69576931389429
2026-02-18,JPM,54.30147468123017
2026-02-18,WFC,58.83161687977965
2026-02-19,BAC,59.43729186260811
2026-02-19,C,66.57238056075484
2026-02-19,JPM,54.96451120920388
2026-02-19,WFC,58.59598492051744
2026-02-20,BAC,58.18015983046619
2026-02-20,C,66.05197211489003
2026-02-20,JPM,54.40709818377666
2026-02-20,WFC,58.191969614990704
2026-02-23,BAC,58.006525248004124
2026-02-23,C,66.07815501750831
2026-02-23,JPM,53.5469815037621
2026-02-23,WFC,58.443965667004306
2026-02-24,BAC,57.00527576053851
2026-02-24,C,65.29720075577414
2026-02-24,JPM,52.914358652751986
2026-02-24,WFC,57.40832641961035
2026-02-25,BAC,56.91237323760166
2026-02-25,C,64.990242285032
2026-02-25,JPM,53.29300209151359
2026-02-25,WFC,56.75307286323972
2026-02-26,BAC,57.38987690450196
2026-02-26,C,64.66293727220432
2026-02-26,JPM,53.640032200323866
2026-02-26,WFC,56.577899529629974
2026-02-27,BAC,58.47444275060355
2026-02-27,C,65.06696661487136
2026-02-27,JPM,54.36931182226227
2026-02-27,WFC,57.41176762715591
2026-03-02,BAC,60.00483487088608
2026-03-02,C,66.32252611738717
2026-03-02,JPM,55.41841010720991
2026-03-02,WFC,59.14054930829693
2026-03-03,BAC,60.23007408199048
2026-03-03,C,66.66338546373623
2026-03-03,JPM,55.551855135102194
2026-03-03,WFC,59.72402279237973
2026-03-04,BAC,59.05395037655019
2026-03-04,C,65.6963198012669
2026-03-04,JPM,54.461627868867815
2026-03-04,WFC,58.2662227871692
2026-03-05,BAC,59.29360178401293
2026-03-05,C,65.71621444482601
2026-03-05,JPM,54.84306950606605
2026-03-05,WFC,58.91338760194154
2026-03-06,BAC,58.88275074500435
2026-03-06,C,65.12043036495699
2026-03-06,JPM,54.16283649622931
2026-03-06,WFC,58.5162750252436
2026-03-09,BAC,59.290069286368556
2026-03-09,C,65.4372340882947
2026-03-09,JPM,54.178987546974305
2026-03-09,WFC,59.45000583906691
2026-03-10,BAC,59.32233978193997
2026-03-10,C,65.40202347575315
2026-03-10,JPM,53.64646462257917
2026-03-10,WFC,59.538168223943785
2026-03-11,BAC,59.90738799332455
2026-03-11,C,66.12735686655219
2026-03-11,JPM,53.54833180875899
2026-03-11,WFC,59.86031312707865
2026-03-12,BAC,59.46965466681513
2026-03-12,C,65.7570635892979
2026-03-12,JPM,53.002439717635745
2026-03-12,WFC,59.43945987428823
2026-03-13,BAC,59.56295592489836
2026-03-13,C,65.4883904735059
2026-03-13,JPM,52.54106480667478
2026-03-13,WFC,58.615484965256854
2026-03-16,BAC,59.66374488092045
2026-03-16,C,66.22665645515544
2026-03-16,JPM,52.613932708263356
2026-03-16,WFC,58.90591752853605
2026-03-17,BAC,60.55789196633254
2026-03-17,C,66.72920277885358
2026-03-17,JPM,52.421484190600744
2026-03-17,WFC,59.602817539972975
2026-03-18,BAC,58.99798542646696
2026-03-18,C,65.76472271374294
2026-03-18,JPM,52.305124861526465
2026-03-18,WFC,58.55895720556048
2026-03-19,BAC,59.2072592707557
2026-03-19,C,65.91332458784198
2026-03-19,JPM,51.80516302089158
2026-03-19,WFC,58.31573398343423
2026-03-20,BAC,58.93163086330631
2026-03-20,C,65.55278909543236
2026-03-20,JPM,52.11023868598275
2026-03-20,WFC,57.852299864422775
2026-03-23,BAC,58.46969508063776
2026-03-23,C,66.4918291465951
2026-03-23,JPM,52.01764815816037
2026-03-23,WFC,57.934087307098096
2026-03-24,BAC,58.60930908802165
2026-03-24,C,66.58659792428631
2026-03-24,JPM,52.1393268834868
2026-03-24,WFC,58.54221596060527
2026-03-25,BAC,59.128249011532915
2026-03-25,C,66.59584172173855
2026-03-25,JPM,53.636070031400415
2026-03-25,WFC,58.9691110370759
2026-03-26,BAC,59.255635079435244
2026-03-26,C,65.41843086947831
2026-03-26,JPM,53.09515296205122
2026-03-26,WFC,58.55701409492081
2026-03-27,BAC,58.776976591742525
2026-03-27,C,64.85062133747039
2026-03-27,JPM,52.413866127935464
2026-03-27,WFC,57.83806517809632
2026-03-30,BAC,58.673304398341614
2026-03-30,C,64.4146041053432
2026-03-30,JPM,53.05321584371125
2026-03-30,WFC,57.621526748554935
2026-03-31,BAC,58.882230087298375
2026-03-31,C,63.57519591909267
2026-03-31,JPM,53.320090275782455
2026-03-31,WFC,57.03105535265011
2026-04-01,BAC,58.95742157630387
2026-04-01,C,63.610374292785906
2026-04-01,JPM,53.52655475608639
2026-04-01,WFC,58.375479176987525
2026-04-02,BAC,58.051779626127065
2026-04-02,C,62.06211776129922
2026-04-02,JPM,52.46737720427848
2026-04-02,WFC,57.89868017954868
2026-04-03,BAC,57.68254757549061
2026-04-03,C,61.40266131563047
2026-04-03,JPM,52.40631251735127
2026-04-03,WFC,57.16429267322833
2026-04-06,BAC,57.20075313452371
2026-04-06,C,61.62188184865347
2026-04-06,JPM,52.7656386874498
2026-04-06,WFC,57.71162951253714
2026-04-07,BAC,56.3613317410949
2026-04-07,C,61.55241203895758
2026-04-07,JPM,53.05917995685363
2026-04-07,WFC,57.72861942036371
2026-04-08,BAC,57.426263731136125
2026-04-08,C,62.31608992522723
2026-04-08,JPM,53.38374760450872
2026-04-08,WFC,57.53839574995625
2026-04-09,BAC,56.85581205445477
2026-04-09,C,62.175239581252484
2026-04-09,JPM,52.59512621835575
2026-04-09,WFC,56.77088481566124
2026-04-10,BAC,57.01283345054422
2026-04-10,C,62.486972791302115
2026-04-10,JPM,53.394802985046645
2026-04-10,WFC,56.17650783668369
2026-04-13,BAC,57.112192670845765
2026-04-13,C,62.33447306809881
2026-04-13,JPM,52.347196754055474
2026-04-13,WFC,55.50347405673944
2026-04-14,BAC,57.56257676721017
2026-04-14,C,62.97913340929867
2026-04-14,JPM,52.59808165083332
2026-04-14,WFC,55.73005652349659
2026-04-15,BAC,57.983985330347295
2026-04-15,C,63.20407765752538
2026-04-15,JPM,53.425157277598856
2026-04-15,WFC,55.609158253709424
2026-04-16,BAC,58.016808899950064
2026-04-16,C,63.17285405847683
2026-04-16,JPM,53.81565265378511
2026-04-16,WFC,55.263141182270274
2026-04-17,BAC,58.354432919275254
2026-04-17,C,62.57684164242194
2026-04-17,JPM,54.05285447624644
2026-04-17,WFC,55.46186519861904
2026-04-20,BAC,57.881610557210564
2026-04-20,C,62.72104075633941
2026-04-20,JPM,52.85302830014394
2026-04-20,WFC,55.35002922316023
2026-04-21,BAC,57.85976598638977
2026-04-21,C,62.77073184561258
2026-04-21,JPM,53.384712684703985
2026-04-21,WFC,55.2324603853952
2026-04-22,BAC,56.528725101842355
2026-04-22,C,61.04552130153953
2026-04-22,JPM,51.569890373516245
2026-04-22,WFC,53.88151485113024
2026-04-23,BAC,57.76737425447347
2026-04-23,C,61.36982177112875
2026-04-23,JPM,52.19881827417925
2026-04-23,WFC,54.38978646236806
2026-04-24,BAC,58.20666397138879
2026-04-24,C,61.44854871947664
2026-04-24,JPM,53.13237348407293
2026-04-24,WFC,53.85064157151073
2026-04-27,BAC,57.99446198119265
2026-04-27,C,62.00628145298303
2026-04-27,JPM,53.4134444772438
2026-04-27,WFC,54.176553567448615
2026-04-28,BAC,59.189855360187366
2026-04-28,C,63.136142032646
2026-04-28,JPM,54.580388606690796
2026-04-28,WFC,54.96273586697782
2026-04-29,BAC,59.585892537143586
2026-04-29,C,63.14185653518684
2026-04-29,JPM,54.84644329326458
2026-04-29,WFC,55.29979949297842
2026-04-30,BAC,58.9004410834125
2026-04-30,C,62.66988727714521
2026-04-30,JPM,55.4126442576041
2026-04-30,WFC,54.90480969094773
2026-05-01,BAC,59.41981686081957
2026-05-01,C,63.12676288480691
2026-05-01,JPM,54.84570684656805
2026-05-01,WFC,55.23021147654254
2026-05-04,BAC,58.59132988241493
2026-05-04,C,62.77558504470574
2026-05-04,JPM,54.15545605470433
2026-05-04,WFC,55.42476933645435
2026-05-05,BAC,58.88148973836534
2026-05-05,C,63.94377613464916
2026-05-05,JPM,54.258101252015905
2026-05-05,WFC,55.44644781297134
2026-05-06,BAC,58.81458231440057
2026-05-06,C,64.1543945823299
2026-05-06,JPM,54.07171103674492
2026-05-06,WFC,56.170890206129485
2026-05-07,BAC,58.5331433478731
2026-05-07,C,63.92928522457063
2026-05-07,JPM,54.145112429741225
2026-05-07,WFC,55.62060332050617
2026-05-08,BAC,58.657754971908076
2026-05-08,C,63.348391783665576
2026-05-08,JPM,54.321026794740185
2026-05-08,WFC,55.9136644783888
2026-05-11,BAC,59.54576568428252
2026-05-11,C,63.18652751644092
2026-05-11,JPM,54.39068843804404
2026-05-11,WFC,55.77638244791159
2026-05-12,BAC,59.67862051802201
2026-05-12,C,63.146431658918644
2026-05-12,JPM,54.194325229785214
2026-05-12,WFC,55.916499641780824
2026-05-13,BAC,59.863940993521986
2026-05-13,C,63.164772322365174
2026-05-13,JPM,54.26500789641012
2026-05-13,WFC,56.33698475482779
2026-05-14,BAC,59.92712123439866
2026-05-14,C,62.8641100918796
2026-05-14,JPM,54.29429426367616
2026-05-14,WFC,56.794275691217535
2026-05-15,BAC,59.686806744055055
2026-05-15,C,62.70239838418233
2026-05-15,JPM,54.20904616866023
2026-05-15,WFC,57.182376884254914
2026-05-18,BAC,59.61643527105425
2026-05-18,C,62.1553043009823
2026-05-18,JPM,53.6817552900461
2026-05-18,WFC,56.99051040399431
2026-05-19,BAC,59.15414228619884
2026-05-19,C,62.28391355252287
2026-05-19,JPM,53.63664453934911
2026-05-19,WFC,56.27424521023
2026-05-20,BAC,59.954545677123605
2026-05-20,C,63.54751439717842
2026-05-20,JPM,54.49051716028953
2026-05-20,WFC,57.05164391730431
2026-05-21,BAC,58.73267462715974
2026-05-21,C,62.51117150594316
2026-05-21,JPM,53.260938719910044
2026-05-21,WFC,55.569541989894184
2026-05-22,BAC,59.11789338630342
2026-05-22,C,62.433929120773016
2026-05-22,JPM,53.359688637688926
2026-05-22,WFC,55.71867441495234
2026-05-25,BAC,59.242182854059834
2026-05-25,C,62.07798292580197
2026-05-25,JPM,53.60676639187973
2026-05-25,WFC,55.72108628659505
2026-05-26,BAC,60.28720786226914
2026-05-26,C,62.33446255949025
2026-05-26,JPM,54.43551060691514
2026-05-26,WFC,57.075182725050794
2026-05-27,BAC,59.82972453154061
2026-05-27,C,62.38499809132986
2026-05-27,JPM,54.75478418730198
2026-05-27,WFC,57.2766067935468
2026-05-28,BAC,59.03103038015581
2026-05-28,C,61.9219045647112
2026-05-28,JPM,53.37251288297379
2026-05-28,WFC,56.17375763351082
2026-05-29,BAC,58.97926115839059
2026-05-29,C,62.68339572040033
2026-05-29,JPM,52.95663623708687
2026-05-29,WFC,55.978744278193425
2026-06-01,BAC,59.17568327931743
2026-06-01,C,62.5151692941014
2026-06-01,JPM,53.52718182480112
2026-06-01,WFC,56.85782320506389
2026-06-02,BAC,58.616490055349104
2026-06-02,C,62.73654555639378
2026-06-02,JPM,53.33222860031235
2026-06-02,WFC,56.610280710256006
2026-06-03,BAC,58.17948038600073
2026-06-03,C,62.11918461211967
2026-06-03,JPM,53.138211036363394
2026-06-03,WFC,56.96629175882426
2026-06-04,BAC,58.228886479652424
2026-06-04,C,62.260137812488615
2026-06-04,JPM,53.266195386253045
2026-06-04,WFC,56.944397047410476
2026-06-05,BAC,57.53478647400301
2026-06-05,C,61.80253576797278
2026-06-05,JPM,52.06175901763968
2026-06-05,WFC,56.84331345555936
2026-06-08,BAC,57.99556572968648
2026-06-08,C,61.38995560521368
2026-06-08,JPM,51.244746782202924
2026-06-08,WFC,56.37871964775523
2026-06-09,BAC,57.61378181731921
2026-06-09,C,60.14450215589232
2026-06-09,JPM,50.60469854207565
2026-06-09,WFC,55.56625129796264
2026-06-10,BAC,56.576834085716946
2026-06-10,C,59.72812591436811
2026-06-10,JPM,50.836321149377675
2026-06-10,WFC,54.39066009047123
2026-06-11,BAC,56.726867914743416
2026-06-11,C,59.21634251407992
2026-06-11,JPM,50.56810365557475
2026-06-11,WFC,54.82772702578949
2026-06-12,BAC,58.37719184489796
2026-06-12,C,60.26961500951704
2026-06-12,JPM,51.52959628467635
2026-06-12,WFC,55.67922721683881
2026-06-15,BAC,59.35487663195231
2026-06-15,C,61.51890196731754
2026-06-15,JPM,52.89386563735721
2026-06-15,WFC,56.376390439949134
2026-06-16,BAC,59.6263165026893
2026-06-16,C,61.94853614191544
2026-06-16,JPM,53.679497122171604
2026-06-16,WFC,57.47700088155976
2026-06-17,BAC,59.41245540067467
2026-06-17,C,62.11967799699286
2026-06-17,JPM,53.74491081511857
2026-06-17,WFC,57.078261364568434
2026-06-18,BAC,59.08862847918773
2026-06-18,C,62.300220409360406
2026-06-18,JPM,53.505282864573346
2026-06-18,WFC,56.94657867467955
2026-06-19,BAC,58.364077883500755
2026-06-19,C,62.29245010981415
2026-06-19,JPM,53.570854736714175
2026-06-19,WFC,56.30098239195875
2026-06-22,BAC,58.534499284000674
2026-06-22,C,62.73777902076656
2026-06-22,JPM,54.31662283548828
2026-06-22,WFC,57.06652156192129
2026-06-23,BAC,58.22532590136951
2026-06-23,C,62.55149240598024
2026-06-23,JPM,54.11456693369408
2026-06-23,WFC,56.24309305663102
2026-06-24,BAC,58.65714167847544
2026-06-24,C,62.48919251218415
2026-06-24,JPM,53.73190838137278
2026-06-24,WFC,56.21236340143592
2026-06-25,BAC,59.52143353277782
2026-06-25,C,63.396305212261545
2026-06-25,JPM,53.948368426853364
2026-06-25,WFC,56.15807516155326
2026-06-26,BAC,58.91680096420295
2026-06-26,C,63.014067136774166
2026-06-26,JPM,53.53317680427075
2026-06-26,WFC,56.62606301939193
2026-06-29,BAC,58.31978929342547
2026-06-29,C,62.37102915287197
2026-06-29,JPM,52.51824113772924
2026-06-29,WFC,55.76777841321262
2026-06-30,BAC,58.20294253783207
2026-06-30,C,61.86058320235477
2026-06-30,JPM,52.57667803556233
2026-06-30,WFC,56.368126987485965
2026-07-01,BAC,58.09996360228652
2026-07-01,C,62.0208053738289
2026-07-01,JPM,53.126307641692236
2026-07-01,WFC,56.41745042283076
2026-07-02,BAC,58.361769655319115
2026-07-02,C,62.78129891935682
2026-07-02,JPM,53.88908123090846
2026-07-02,WFC,56.21271155437247
2026-07-03,BAC,58.33293530581495
2026-07-03,C,64.0624953640427
2026-07-03,JPM,54.020909073362496
2026-07-03,WFC,56.89197832661723
2026-07-06,BAC,58.57813564914497
2026-07-06,C,64.03899354825171
2026-07-06,JPM,54.40112238393896
2026-07-06,WFC,56.51749483706563
2026-07-07,BAC,58.35811077914758
2026-07-07,C,63.73518902758369
2026-07-07,JPM,53.99362205036432
2026-07-07,WFC,56.45987520589008
2026-07-08,BAC,58.89951220068366
2026-07-08,C,63.22324883421856
2026-07-08,JPM,53.82353749443173
2026-07-08,WFC,57.11706101008485
2026-07-09,BAC,59.41516788560398
2026-07-09,C,62.86898076908811
2026-07-09,JPM,53.83379598018758
2026-07-09,WFC,57.83542422728003
2026-07-10,BAC,60.30643060877731
2026-07-10,C,63.59890991441728
2026-07-10,JPM,55.36870860011991
2026-07-10,WFC,58.802077824799504
2026-07-13,BAC,60.01953056354654
2026-07-13,C,64.17380955149699
2026-07-13,JPM,55.123814163304864
2026-07-13,WFC,59.21473382750152
2026-07-14,BAC,60.31560641497992
2026-07-14,C,63.962563203851275
2026-07-14,JPM,56.108902518629655
2026-07-14,WFC,60.01478391127978
2026-07-15,BAC,60.18332692149465
2026-07-15,C,64.15449756203763
2026-07-15,JPM,55.64475879526184
2026-07-15,WFC,60.39549223212352
2026-07-16,BAC,60.49680927381526
2026-07-16,C,64.9296419993853
2026-07-16,JPM,56.19651481524254
2026-07-16,WFC,60.022617280065624
2026-07-17,BAC,60.6334695300392
2026-07-17,C,64.9302035971114
2026-07-17,JPM,55.367349746043175
2026-07-17,WFC,60.218077220121664
2026-07-20,BAC,60.2616199520279
2026-07-20,C,64.10279662710454
2026-07-20,JPM,54.968693162468256
2026-07-20,WFC,58.77684416570501
2026-07-21,BAC,60.1890649973793
2026-07-21,C,63.41507574473515
2026-07-21,JPM,54.76077841426626
2026-07-21,WFC,58.40617009503938
2026-07-22,BAC,61.08433864146105
2026-07-22,C,64.34442204744556
2026-07-22,JPM,54.58483337294516
2026-07-22,WFC,58.3280893077272
2026-07-23,BAC,60.80600563132714
2026-07-23,C,64.51700932900923
2026-07-23,JPM,54.06238087423727
2026-07-23,WFC,58.211358348314384
2026-07-24,BAC,60.37746039830618
2026-07-24,C,63.29064861402131
2026-07-24,JPM,53.17056442081174
2026-07-24,WFC,57.52819031812212
2026-07-27,BAC,59.248526825677686
2026-07-27,C,62.32582958687776
2026-07-27,JPM,52.55447998939254
2026-07-27,WFC,56.826128946405284
2026-07-28,BAC,58.64019584010099
2026-07-28,C,62.08891984853481
2026-07-28,JPM,52.441149821202295
2026-07-28,WFC,56.871825310892454
2026-07-29,BAC,58.5656820444584
2026-07-29,C,61.0539026127835
2026-07-29,JPM,52.26229943640672
2026-07-29,WFC,56.47943902205905
2026-07-30,BAC,57.892547224591716
2026-07-30,C,61.32330251057442
2026-07-30,JPM,51.372600031383854
2026-07-30,WFC,56.16402542369426
2026-07-31,BAC,56.84278057512768
2026-07-31,C,61.35182092163644
2026-07-31,JPM,51.70553840030403
2026-07-31,WFC,56.450105965628744
2026-08-03,BAC,57.41943440337342
2026-08-03,C,61.64950310444055
2026-08-03,JPM,52.96177839928292
2026-08-03,WFC,56.51918821936939
2026-08-04,BAC,57.22218752879543
2026-08-04,C,61.33204257239308
2026-08-04,JPM,52.91565399178391
2026-08-04,WFC,56.438681757116655
2026-08-05,BAC,58.50044667581159
2026-08-05,C,61.601294504574184
2026-08-05,JPM,53.813649506070654
2026-08-05,WFC,57.49797479835859
2026-08-06,BAC,58.03176085510712
2026-08-06,C,61.24748848695532
2026-08-06,JPM,52.91913534441693
2026-08-06,WFC,56.2074814005093
2026-08-07,BAC,58.06802900859366
2026-08-07,C,60.912508311447866
2026-08-07,JPM,51.97199798467702
2026-08-07,WFC,56.030675049485204
2026-08-10,BAC,58.644984917640684
2026-08-10,C,61.220652054184946
2026-08-10,JPM,52.28714102469234
2026-08-10,WFC,56.272107335471624
2026-08-11,BAC,58.809755348779746
2026-08-11,C,60.917348864384174
2026-08-11,JPM,52.610790780326745
2026-08-11,WFC,55.67618938595047
2026-08-12,BAC,58.84963379562245
2026-08-12,C,60.561114938050125
2026-08-12,JPM,52.054473304048685
2026-08-12,WFC,56.23738013701502
2026-08-13,BAC,59.36223271647278
2026-08-13,C,60.62976720950487
2026-08-13,JPM,51.471552236221235
2026-08-13,WFC,56.526996623014625
2026-08-14,BAC,58.84007011880034
2026-08-14,C,60.67584600074994
2026-08-14,JPM,51.33170170773806
2026-08-14,WFC,55.88761247895001
