date,exit_date,hist_z,pair_spread_bp,hist_mean_bp,deviation_from_mean_bp,trade_direction,future_pair_change_20d_bp,signed_convergence_20d_bp,matched_spread_duration,realized_convergence_ratio,gross_pair_return_bp,net_pair_return_bp,convergence_hit,net_positive
2025-08-18,2025-09-15,-1.010560761264409,8.776647604281706,12.009066874951065,-3.232419270669359,Short A / Long B,4.182024744247627,4.182024744247627,4.896407939767282,1.293775464771817,20.476899162037316,12.476899162037316,True,True
2025-09-23,2025-10-21,-1.4724116453801144,7.856611530173851,12.060321358920556,-4.203709828746705,Short A / Long B,3.336260604225302,3.336260604225302,4.815882272416153,0.7936467406505019,16.067038300049035,8.067038300049035,True,True
2025-10-31,2025-11-28,-1.1505797359856018,8.504155176031915,11.596184567850145,-3.0920293918182296,Short A / Long B,3.563683577916578,3.563683577916578,4.73088295687885,1.1525387136831187,16.85936990247458,8.85936990247458,True,True
2025-12-18,2026-01-15,1.0900415239527308,14.259181056658392,11.567527946109552,2.69165311054884,Long A / Short B,-0.8932935008555773,0.8932935008555773,4.623515400410677,0.33187541788155267,4.130156258292531,-3.869843741707469,True,False
2026-01-16,2026-02-13,1.3166370264028424,15.013024225150389,11.821496826237714,3.1915273989126742,Long A / Short B,0.524321952894752,-0.524321952894752,4.558647501711157,-0.16428558723117465,-2.3901989606559764,-10.390198960655976,False,False
2026-02-24,2026-03-24,1.1824890625459656,14.95932816662436,12.100686835636404,2.8586413309879557,Long A / Short B,-0.9706303191757257,0.9706303191757257,4.471411362080766,0.3395425332496234,4.3400874375424205,-3.6599125624575795,True,False
2026-03-26,2026-04-23,1.3390495349553169,15.738731451786279,12.396323580409994,3.3424078713762846,Long A / Short B,-4.263613083694011,4.263613083694011,4.404306639288159,1.2756112502626458,18.778259411869396,10.778259411869396,True,True
2026-05-28,2026-06-25,-1.2803337952473681,9.289040101258593,12.328238757596699,-3.0391986563381064,Short A / Long B,3.993833588919699,3.993833588919699,4.263386721423682,1.314107447563767,17.027257090576136,9.027257090576136,True,True
2026-07-07,2026-08-04,-1.1280512419982753,9.52084087608202,12.026661004133114,-2.505820128051095,Short A / Long B,6.181505460982336,6.181505460982336,4.1739137577002055,2.4668592097989133,25.801070686893123,17.801070686893123,True,True
